pwp_key,pwp_className,pwp_WorkflowName,pwp_WFStateName,pwp_displayName,pwp_libraryId1,pwp_type1,pwp_role1,pwp_value1,pwp_libraryId2,pwp_type2,pwp_role2,pwp_value2,pwp_equal_perms
Mobile Plant & VehiclesMobile Plant and VehiclesIdleReaders,Mobile Plant & Vehicles,Mobile Plant and Vehicles,Idle,Readers,Pu5DR2x6C1SasBULr8,ROLE,READER,READERS,Pi6VQAw4szhUcyHGpy,ROLE,READER,READERS,True
Mobile Plant & VehiclesMobile Plant and VehiclesIdleAO Generation Support Service,Mobile Plant & Vehicles,Mobile Plant and Vehicles,Idle,AO Generation Support Service,Pu5DR2x6C1SasBULr8,GROUP,WRITER,ao-opssupport@snowyhydro.com.au,Pi6VQAw4szhUcyHGpy,GROUP,WRITER,ao-opssupport@snowyhydro.com.au,True
Mobile Plant & VehiclesMobile Plant and VehiclesConfidentialAO Logistics Confidential,Mobile Plant & Vehicles,Mobile Plant and Vehicles,Confidential,AO Logistics Confidential,Pu5DR2x6C1SasBULr8,GROUP,WRITER,ao-logconfidential@snowyhydro.com.au,Pi6VQAw4szhUcyHGpy,GROUP,WRITER,ao-logconfidential@snowyhydro.com.au,True
Operating ActivityOperating ActivityIdleReaders,Operating Activity,Operating Activity,Idle,Readers,Pu5DR2x6C1SasBULr8,ROLE,READER,READERS,,,,,False
Operating ActivityOperating ActivityIdleAO Operating Activity,Operating Activity,Operating Activity,Idle,AO Operating Activity,Pu5DR2x6C1SasBULr8,GROUP,WRITER,ao-operatingactivity@snowyhydro.com.au,Pi6VQAw4szhUcyHGpy,GROUP,WRITER,ao-operatingactivity@snowyhydro.com.au,True
Operating ActivityOperating ActivityApproved,Operating Activity,Operating Activity,Approved,,Pu5DR2x6C1SasBULr8,NOTVISIBLE,NOPERMISSION,,Pi6VQAw4szhUcyHGpy,NOTVISIBLE,NOPERMISSION,,True
Operating ActivityOperating ActivityRejected,Operating Activity,Operating Activity,Rejected,,Pu5DR2x6C1SasBULr8,NOTVISIBLE,NOPERMISSION,,Pi6VQAw4szhUcyHGpy,NOTVISIBLE,NOPERMISSION,,True
Operating ActivityOperating ActivityArchivedReaders,Operating Activity,Operating Activity,Archived,Readers,Pu5DR2x6C1SasBULr8,ROLE,READER,READERS,,,,,False
Operating ActivityOperating ActivityArchivedAO Administration,Operating Activity,Operating Activity,Archived,AO Administration,Pu5DR2x6C1SasBULr8,GROUP,WRITER,ao-administration@snowyhydro.com.au,Pi6VQAw4szhUcyHGpy,GROUP,WRITER,ao-administration@snowyhydro.com.au,True
Operating ActivityOperating ActivitySMCCReaders,Operating Activity,Operating Activity,SMCC,Readers,Pu5DR2x6C1SasBULr8,ROLE,READER,READERS,,,,,False
Operating ActivityOperating ActivitySMCCAO Generation Operations,Operating Activity,Operating Activity,SMCC,AO Generation Operations,Pu5DR2x6C1SasBULr8,GROUP,WRITER,ao-genop@snowyhydro.com.au,Pi6VQAw4szhUcyHGpy,GROUP,WRITER,ao-genop@snowyhydro.com.au,True
Operating ActivityOperating ActivitySMCC OIAll SnowyHydro,Operating Activity,Operating Activity,SMCC OI,All SnowyHydro,Pu5DR2x6C1SasBULr8,GROUP,READER,allsnowyhydro@snowyhydro.com.au,Pi6VQAw4szhUcyHGpy,GROUP,READER,allsnowyhydro@snowyhydro.com.au,True
Operating ActivityOperating ActivitySMCC OIReaders,Operating Activity,Operating Activity,SMCC OI,Readers,Pu5DR2x6C1SasBULr8,ROLE,READER,READERS,,,,,False
Operating ActivityOperating ActivitySMCC OIAO Generation Operations,Operating Activity,Operating Activity,SMCC OI,AO Generation Operations,Pu5DR2x6C1SasBULr8,GROUP,WRITER,ao-genop@snowyhydro.com.au,Pi6VQAw4szhUcyHGpy,GROUP,WRITER,ao-genop@snowyhydro.com.au,True
Operating ActivityOperating ActivityDraft SMCC OIAO All Snowy Hydro,Operating Activity,Operating Activity,Draft SMCC OI,AO All Snowy Hydro,Pu5DR2x6C1SasBULr8,GROUP,COMMENTER,ao-allsnowyhydro@snowyhydro.com.au,Pi6VQAw4szhUcyHGpy,GROUP,COMMENTER,ao-allsnowyhydro@snowyhydro.com.au,True
Operating ActivityOperating ActivitySMCC OI Pending ApprovalReaders,Operating Activity,Operating Activity,SMCC OI Pending Approval,Readers,Pu5DR2x6C1SasBULr8,ROLE,READER,READERS,,,,,False
Operating ActivityOperating ActivitySMCC OI Pending ApprovalSMCC OI Approver,Operating Activity,Operating Activity,SMCC OI Pending Approval,SMCC OI Approver,Pu5DR2x6C1SasBULr8,ROLE,WRITER,Q63ZeG0000001152u4,Pi6VQAw4szhUcyHGpy,ROLE,WRITER,SE7CTsR77BcFAY36Dv,False
Operating ActivityOperating ActivityUpper Tumut OI - Read OnlyAO All Snowy Hydro,Operating Activity,Operating Activity,Upper Tumut OI - Read Only,AO All Snowy Hydro,Pu5DR2x6C1SasBULr8,GROUP,READER,ao-allsnowyhydro@snowyhydro.com.au,Pi6VQAw4szhUcyHGpy,GROUP,READER,ao-allsnowyhydro@snowyhydro.com.au,True
Operating ActivityOperating ActivityUpper Tumut OI - Read OnlyReaders,Operating Activity,Operating Activity,Upper Tumut OI - Read Only,Readers,Pu5DR2x6C1SasBULr8,ROLE,READER,READERS,,,,,False
Operating ActivityOperating ActivityUpper Tumut OI - Read OnlyAO Administration,Operating Activity,Operating Activity,Upper Tumut OI - Read Only,AO Administration,Pu5DR2x6C1SasBULr8,GROUP,WRITER,ao-administration@snowyhydro.com.au,Pi6VQAw4szhUcyHGpy,GROUP,WRITER,ao-administration@snowyhydro.com.au,True
Operating ActivityOperating ActivityUpper Tumut OI - Under RevisionAO All Snowy Hydro,Operating Activity,Operating Activity,Upper Tumut OI - Under Revision,AO All Snowy Hydro,Pu5DR2x6C1SasBULr8,GROUP,READER,ao-allsnowyhydro@snowyhydro.com.au,Pi6VQAw4szhUcyHGpy,GROUP,READER,ao-allsnowyhydro@snowyhydro.com.au,True
Operating ActivityOperating ActivityUpper Tumut OI - Under RevisionAO Operations UT,Operating Activity,Operating Activity,Upper Tumut OI - Under Revision,AO Operations UT,Pu5DR2x6C1SasBULr8,GROUP,WRITER,ao-operationsut@snowyhydro.com.au,Pi6VQAw4szhUcyHGpy,GROUP,WRITER,ao-operationsut@snowyhydro.com.au,True
Operating ActivityOperating ActivityUpper Tumut OI - Under RevisionAO Administration,Operating Activity,Operating Activity,Upper Tumut OI - Under Revision,AO Administration,Pu5DR2x6C1SasBULr8,GROUP,WRITER,ao-administration@snowyhydro.com.au,Pi6VQAw4szhUcyHGpy,GROUP,WRITER,ao-administration@snowyhydro.com.au,True
Operating ActivityOperating ActivityLower Tumut OIAO All Snowy Hydro,Operating Activity,Operating Activity,Lower Tumut OI,AO All Snowy Hydro,Pu5DR2x6C1SasBULr8,GROUP,READER,ao-allsnowyhydro@snowyhydro.com.au,Pi6VQAw4szhUcyHGpy,GROUP,READER,ao-allsnowyhydro@snowyhydro.com.au,True
Operating ActivityOperating ActivityLower Tumut OIAO Operations LT,Operating Activity,Operating Activity,Lower Tumut OI,AO Operations LT,Pu5DR2x6C1SasBULr8,GROUP,WRITER,ao-operationslt@snowyhydro.com.au,Pi6VQAw4szhUcyHGpy,GROUP,WRITER,ao-operationslt@snowyhydro.com.au,True
Operating ActivityOperating ActivityLower Tumut OIAO Administration,Operating Activity,Operating Activity,Lower Tumut OI,AO Administration,Pu5DR2x6C1SasBULr8,GROUP,WRITER,ao-administration@snowyhydro.com.au,Pi6VQAw4szhUcyHGpy,GROUP,WRITER,ao-administration@snowyhydro.com.au,True
Operating ActivityOperating ActivityKosciuszko OIAO All Snowy Hydro,Operating Activity,Operating Activity,Kosciuszko OI,AO All Snowy Hydro,Pu5DR2x6C1SasBULr8,GROUP,READER,ao-allsnowyhydro@snowyhydro.com.au,Pi6VQAw4szhUcyHGpy,GROUP,READER,ao-allsnowyhydro@snowyhydro.com.au,True
Operating ActivityOperating ActivityKosciuszko OIAO Operations K,Operating Activity,Operating Activity,Kosciuszko OI,AO Operations K,Pu5DR2x6C1SasBULr8,GROUP,WRITER,ao-operationsk@snowyhydro.com.au,Pi6VQAw4szhUcyHGpy,GROUP,WRITER,ao-operationsk@snowyhydro.com.au,True
Operating ActivityOperating ActivityKosciuszko OIAO Administration,Operating Activity,Operating Activity,Kosciuszko OI,AO Administration,Pu5DR2x6C1SasBULr8,GROUP,WRITER,ao-administration@snowyhydro.com.au,Pi6VQAw4szhUcyHGpy,GROUP,WRITER,ao-administration@snowyhydro.com.au,True
Operating ActivityOperating ActivityColongra OIAO All Snowy Hydro,Operating Activity,Operating Activity,Colongra OI,AO All Snowy Hydro,Pu5DR2x6C1SasBULr8,GROUP,READER,ao-allsnowyhydro@snowyhydro.com.au,Pi6VQAw4szhUcyHGpy,GROUP,READER,ao-allsnowyhydro@snowyhydro.com.au,True
Operating ActivityOperating ActivityColongra OIAO Operations Colongra,Operating Activity,Operating Activity,Colongra OI,AO Operations Colongra,Pu5DR2x6C1SasBULr8,GROUP,WRITER,ao-operationsngd@snowyhydro.com.au,Pi6VQAw4szhUcyHGpy,GROUP,WRITER,ao-operationsngd@snowyhydro.com.au,True
Operating ActivityOperating ActivityColongra OIAO Administration,Operating Activity,Operating Activity,Colongra OI,AO Administration,Pu5DR2x6C1SasBULr8,GROUP,WRITER,ao-administration@snowyhydro.com.au,Pi6VQAw4szhUcyHGpy,GROUP,WRITER,ao-administration@snowyhydro.com.au,True
Operating ActivityOperating ActivityLaverton North OIAO All Snowy Hydro,Operating Activity,Operating Activity,Laverton North OI,AO All Snowy Hydro,Pu5DR2x6C1SasBULr8,GROUP,READER,ao-allsnowyhydro@snowyhydro.com.au,Pi6VQAw4szhUcyHGpy,GROUP,READER,ao-allsnowyhydro@snowyhydro.com.au,True
Operating ActivityOperating ActivityLaverton North OIAO Operations LN,Operating Activity,Operating Activity,Laverton North OI,AO Operations LN,Pu5DR2x6C1SasBULr8,GROUP,WRITER,ao-operationsln@snowyhydro.com.au,Pi6VQAw4szhUcyHGpy,GROUP,WRITER,ao-operationsln@snowyhydro.com.au,True
Operating ActivityOperating ActivityLaverton North OIAO Administration,Operating Activity,Operating Activity,Laverton North OI,AO Administration,Pu5DR2x6C1SasBULr8,GROUP,WRITER,ao-administration@snowyhydro.com.au,Pi6VQAw4szhUcyHGpy,GROUP,WRITER,ao-administration@snowyhydro.com.au,True
Operating ActivityOperating ActivitySA Diesels OIAO All Snowy Hydro,Operating Activity,Operating Activity,SA Diesels OI,AO All Snowy Hydro,Pu5DR2x6C1SasBULr8,GROUP,READER,ao-allsnowyhydro@snowyhydro.com.au,Pi6VQAw4szhUcyHGpy,GROUP,READER,ao-allsnowyhydro@snowyhydro.com.au,True
Operating ActivityOperating ActivitySA Diesels OIAO Production SA Diesels,Operating Activity,Operating Activity,SA Diesels OI,AO Production SA Diesels,Pu5DR2x6C1SasBULr8,GROUP,WRITER,ao-prodsadiesels@snowyhydro.com.au,Pi6VQAw4szhUcyHGpy,GROUP,WRITER,ao-prodsadiesels@snowyhydro.com.au,True
Operating ActivityOperating ActivitySA Diesels OIAO Administration,Operating Activity,Operating Activity,SA Diesels OI,AO Administration,Pu5DR2x6C1SasBULr8,GROUP,WRITER,ao-administration@snowyhydro.com.au,Pi6VQAw4szhUcyHGpy,GROUP,WRITER,ao-administration@snowyhydro.com.au,True
Operating ActivityOperating ActivityValley Power OIAO All Snowy Hydro,Operating Activity,Operating Activity,Valley Power OI,AO All Snowy Hydro,Pu5DR2x6C1SasBULr8,GROUP,READER,ao-allsnowyhydro@snowyhydro.com.au,Pi6VQAw4szhUcyHGpy,GROUP,READER,ao-allsnowyhydro@snowyhydro.com.au,True
Operating ActivityOperating ActivityValley Power OIAO Operations VP,Operating Activity,Operating Activity,Valley Power OI,AO Operations VP,Pu5DR2x6C1SasBULr8,GROUP,WRITER,ao-operationsvp@snowyhydro.com.au,Pi6VQAw4szhUcyHGpy,GROUP,WRITER,ao-operationsvp@snowyhydro.com.au,True
Operating ActivityOperating ActivityValley Power OIAO Administration,Operating Activity,Operating Activity,Valley Power OI,AO Administration,Pu5DR2x6C1SasBULr8,GROUP,WRITER,ao-administration@snowyhydro.com.au,Pi6VQAw4szhUcyHGpy,GROUP,WRITER,ao-administration@snowyhydro.com.au,True
Operating ActivityOperating ActivityMurrayAO All Snowy Hydro,Operating Activity,Operating Activity,Murray,AO All Snowy Hydro,Pu5DR2x6C1SasBULr8,GROUP,READER,ao-allsnowyhydro@snowyhydro.com.au,Pi6VQAw4szhUcyHGpy,GROUP,READER,ao-allsnowyhydro@snowyhydro.com.au,True
Operating ActivityOperating ActivityMurrayAO Operations M,Operating Activity,Operating Activity,Murray,AO Operations M,Pu5DR2x6C1SasBULr8,GROUP,WRITER,ao-operationsm@snowyhydro.com.au,Pi6VQAw4szhUcyHGpy,GROUP,WRITER,ao-operationsm@snowyhydro.com.au,True
Operating ActivityOperating ActivityMurrayAO Administration,Operating Activity,Operating Activity,Murray,AO Administration,Pu5DR2x6C1SasBULr8,GROUP,WRITER,ao-administration@snowyhydro.com.au,Pi6VQAw4szhUcyHGpy,GROUP,WRITER,ao-administration@snowyhydro.com.au,True
Operating ActivityOperating ActivityMurray OIAO All Snowy Hydro,Operating Activity,Operating Activity,Murray OI,AO All Snowy Hydro,Pu5DR2x6C1SasBULr8,GROUP,READER,ao-allsnowyhydro@snowyhydro.com.au,Pi6VQAw4szhUcyHGpy,GROUP,READER,ao-allsnowyhydro@snowyhydro.com.au,True
Operating ActivityOperating ActivityMurray OIAO Operations M,Operating Activity,Operating Activity,Murray OI,AO Operations M,Pu5DR2x6C1SasBULr8,GROUP,WRITER,ao-operationsm@snowyhydro.com.au,Pi6VQAw4szhUcyHGpy,GROUP,WRITER,ao-operationsm@snowyhydro.com.au,True
Operating ActivityOperating ActivityDraft Murray OI,Operating Activity,Operating Activity,Draft Murray OI,,Pu5DR2x6C1SasBULr8,NOTVISIBLE,NOPERMISSION,,Pi6VQAw4szhUcyHGpy,NOTVISIBLE,NOPERMISSION,,True
Operating ActivityOperating ActivityMurray OI Pending ApprovalMurray OI Approver,Operating Activity,Operating Activity,Murray OI Pending Approval,Murray OI Approver,Pu5DR2x6C1SasBULr8,ROLE,WRITER,QxN68crvAijOQGwfBl,Pi6VQAw4szhUcyHGpy,ROLE,WRITER,SE7CC82u74uaeOaW2r,False
Operating ActivityOperating ActivitySMCC OI Pending Approval (ARCHIVED)SMCC OI Approver,Operating Activity,Operating Activity,SMCC OI Pending Approval (ARCHIVED),SMCC OI Approver,Pu5DR2x6C1SasBULr8,ROLE,WRITER,Q63ZeG0000001152u4,Pi6VQAw4szhUcyHGpy,ROLE,WRITER,SE7CTsR77BcFAY36Dv,False
Operating ActivityOperating ActivityDraft SMCC OI (ARCHIVED)Readers,Operating Activity,Operating Activity,Draft SMCC OI (ARCHIVED),Readers,Pu5DR2x6C1SasBULr8,ROLE,READER,READERS,,,,,False
Operating ActivityOperating ActivitySMCC OI Discarded (ARCHIVED)Readers,Operating Activity,Operating Activity,SMCC OI Discarded (ARCHIVED),Readers,Pu5DR2x6C1SasBULr8,ROLE,READER,READERS,,,,,False
Operating ActivityOperating ActivitySMCC OI Discarded (ARCHIVED)AO Generation Operations,Operating Activity,Operating Activity,SMCC OI Discarded (ARCHIVED),AO Generation Operations,Pu5DR2x6C1SasBULr8,GROUP,WRITER,ao-genop@snowyhydro.com.au,Pi6VQAw4szhUcyHGpy,GROUP,WRITER,ao-genop@snowyhydro.com.au,True
Operating ActivityOperating ActivitySuggestion Raised (ARCHIVED)AO All Snowy Hydro,Operating Activity,Operating Activity,Suggestion Raised (ARCHIVED),AO All Snowy Hydro,Pu5DR2x6C1SasBULr8,GROUP,COMMENTER,ao-allsnowyhydro@snowyhydro.com.au,Pi6VQAw4szhUcyHGpy,GROUP,COMMENTER,ao-allsnowyhydro@snowyhydro.com.au,True
Operating ActivityOperating ActivitySuggestion Raised (ARCHIVED)AO Generation Operations,Operating Activity,Operating Activity,Suggestion Raised (ARCHIVED),AO Generation Operations,Pu5DR2x6C1SasBULr8,GROUP,WRITER,ao-genop@snowyhydro.com.au,Pi6VQAw4szhUcyHGpy,GROUP,WRITER,ao-genop@snowyhydro.com.au,True
Market Regulation & ComplianceRegulation and ComplianceIdleReaders,Market Regulation & Compliance,Regulation and Compliance,Idle,Readers,Pu5DR2x6C1SasBULr8,ROLE,READER,READERS,Pi6VQAw4szhUcyHGpy,ROLE,READER,READERS,True
Market Regulation & ComplianceRegulation and ComplianceIdleAO Reg & Compliance - Assets,Market Regulation & Compliance,Regulation and Compliance,Idle,AO Reg & Compliance - Assets,Pu5DR2x6C1SasBULr8,GROUP,WRITER,ao-regcompassets@snowyhydro.com.au,Pi6VQAw4szhUcyHGpy,GROUP,WRITER,ao-regcompassets@snowyhydro.com.au,True
Market Regulation & ComplianceRegulation and ComplianceConnection AgreementReaders,Market Regulation & Compliance,Regulation and Compliance,Connection Agreement,Readers,Pu5DR2x6C1SasBULr8,ROLE,READER,READERS,Pi6VQAw4szhUcyHGpy,ROLE,READER,READERS,True
Market Regulation & ComplianceRegulation and ComplianceConnection AgreementAO AME Engineering Systems & Support,Market Regulation & Compliance,Regulation and Compliance,Connection Agreement,AO AME Engineering Systems & Support,Pu5DR2x6C1SasBULr8,GROUP,WRITER,ao-ameengsystemssupport@snowyhydro.com.au,Pi6VQAw4szhUcyHGpy,GROUP,WRITER,ao-ameengsystemssupport@snowyhydro.com.au,True
Market Regulation & ComplianceRegulation and ComplianceConnection AgreementAO Corporate Law,Market Regulation & Compliance,Regulation and Compliance,Connection Agreement,AO Corporate Law,Pu5DR2x6C1SasBULr8,GROUP,WRITER,ao-corporatelaw@snowyhydro.com.au,Pi6VQAw4szhUcyHGpy,GROUP,WRITER,ao-corporatelaw@snowyhydro.com.au,True
Market Regulation & ComplianceRegulation and ComplianceGeneration LicenceReaders,Market Regulation & Compliance,Regulation and Compliance,Generation Licence,Readers,Pu5DR2x6C1SasBULr8,ROLE,READER,READERS,Pi6VQAw4szhUcyHGpy,ROLE,READER,READERS,True
Market Regulation & ComplianceRegulation and ComplianceGeneration LicenceAO AME Engineering Systems & Support,Market Regulation & Compliance,Regulation and Compliance,Generation Licence,AO AME Engineering Systems & Support,Pu5DR2x6C1SasBULr8,GROUP,WRITER,ao-ameengsystemssupport@snowyhydro.com.au,Pi6VQAw4szhUcyHGpy,GROUP,WRITER,ao-ameengsystemssupport@snowyhydro.com.au,True
Market Regulation & ComplianceRegulation and ComplianceGeneration LicenceAO Corporate Law,Market Regulation & Compliance,Regulation and Compliance,Generation Licence,AO Corporate Law,Pu5DR2x6C1SasBULr8,GROUP,WRITER,ao-corporatelaw@snowyhydro.com.au,Pi6VQAw4szhUcyHGpy,GROUP,WRITER,ao-corporatelaw@snowyhydro.com.au,True
Market Regulation & ComplianceRegulation and ComplianceGenerator Modelling and VerificationReaders,Market Regulation & Compliance,Regulation and Compliance,Generator Modelling and Verification,Readers,Pu5DR2x6C1SasBULr8,ROLE,READER,READERS,Pi6VQAw4szhUcyHGpy,ROLE,READER,READERS,True
Market Regulation & ComplianceRegulation and ComplianceGenerator Modelling and VerificationAO AME Engineering Systems & Support,Market Regulation & Compliance,Regulation and Compliance,Generator Modelling and Verification,AO AME Engineering Systems & Support,Pu5DR2x6C1SasBULr8,GROUP,WRITER,ao-ameengsystemssupport@snowyhydro.com.au,Pi6VQAw4szhUcyHGpy,GROUP,WRITER,ao-ameengsystemssupport@snowyhydro.com.au,True
Market Regulation & ComplianceRegulation and ComplianceGenerator Modelling and VerificationAO AME Asset Technology,Market Regulation & Compliance,Regulation and Compliance,Generator Modelling and Verification,AO AME Asset Technology,Pu5DR2x6C1SasBULr8,GROUP,WRITER,ao-ameassettechnology@snowyhydro.com.au,Pi6VQAw4szhUcyHGpy,GROUP,WRITER,ao-ameassettechnology@snowyhydro.com.au,True
Market Regulation & ComplianceRegulation and ComplianceGenerator Modelling and VerificationAO AME Engineering,Market Regulation & Compliance,Regulation and Compliance,Generator Modelling and Verification,AO AME Engineering,Pu5DR2x6C1SasBULr8,GROUP,WRITER,ao-ameengineering@snowyhydro.com.au,Pi6VQAw4szhUcyHGpy,GROUP,WRITER,ao-ameengineering@snowyhydro.com.au,True
Market Regulation & ComplianceRegulation and ComplianceGenerator Performance StdsReaders,Market Regulation & Compliance,Regulation and Compliance,Generator Performance Stds,Readers,Pu5DR2x6C1SasBULr8,ROLE,READER,READERS,Pi6VQAw4szhUcyHGpy,ROLE,READER,READERS,True
Market Regulation & ComplianceRegulation and ComplianceGenerator Performance StdsAO AME Engineering Systems & Support,Market Regulation & Compliance,Regulation and Compliance,Generator Performance Stds,AO AME Engineering Systems & Support,Pu5DR2x6C1SasBULr8,GROUP,WRITER,ao-ameengsystemssupport@snowyhydro.com.au,Pi6VQAw4szhUcyHGpy,GROUP,WRITER,ao-ameengsystemssupport@snowyhydro.com.au,True
Market Regulation & ComplianceRegulation and ComplianceG P Standards Compliance ProgReaders,Market Regulation & Compliance,Regulation and Compliance,G P Standards Compliance Prog,Readers,Pu5DR2x6C1SasBULr8,ROLE,READER,READERS,Pi6VQAw4szhUcyHGpy,ROLE,READER,READERS,True
Market Regulation & ComplianceRegulation and ComplianceG P Standards Compliance ProgAO AME Engineering Systems & Support,Market Regulation & Compliance,Regulation and Compliance,G P Standards Compliance Prog,AO AME Engineering Systems & Support,Pu5DR2x6C1SasBULr8,GROUP,WRITER,ao-ameengsystemssupport@snowyhydro.com.au,Pi6VQAw4szhUcyHGpy,GROUP,WRITER,ao-ameengsystemssupport@snowyhydro.com.au,True
Market Regulation & ComplianceRegulation and ComplianceG P Standards Test ResultsReaders,Market Regulation & Compliance,Regulation and Compliance,G P Standards Test Results,Readers,Pu5DR2x6C1SasBULr8,ROLE,READER,READERS,Pi6VQAw4szhUcyHGpy,ROLE,READER,READERS,True
Market Regulation & ComplianceRegulation and ComplianceG P Standards Test ResultsAO Reg & Compliance - Assets,Market Regulation & Compliance,Regulation and Compliance,G P Standards Test Results,AO Reg & Compliance - Assets,Pu5DR2x6C1SasBULr8,GROUP,WRITER,ao-regcompassets@snowyhydro.com.au,Pi6VQAw4szhUcyHGpy,GROUP,WRITER,ao-regcompassets@snowyhydro.com.au,True
Market Regulation & ComplianceRegulation and ComplianceProjects Affecting ComplianceReaders,Market Regulation & Compliance,Regulation and Compliance,Projects Affecting Compliance,Readers,Pu5DR2x6C1SasBULr8,ROLE,READER,READERS,Pi6VQAw4szhUcyHGpy,ROLE,READER,READERS,True
Market Regulation & ComplianceRegulation and ComplianceProjects Affecting ComplianceAO Reg & Compliance - Assets,Market Regulation & Compliance,Regulation and Compliance,Projects Affecting Compliance,AO Reg & Compliance - Assets,Pu5DR2x6C1SasBULr8,GROUP,WRITER,ao-regcompassets@snowyhydro.com.au,Pi6VQAw4szhUcyHGpy,GROUP,WRITER,ao-regcompassets@snowyhydro.com.au,True
Market Regulation & ComplianceRegulation and ComplianceAncillary ServicesReaders,Market Regulation & Compliance,Regulation and Compliance,Ancillary Services,Readers,Pu5DR2x6C1SasBULr8,ROLE,READER,READERS,Pi6VQAw4szhUcyHGpy,ROLE,READER,READERS,True
Market Regulation & ComplianceRegulation and ComplianceAncillary ServicesAO AME Engineering Systems & Support,Market Regulation & Compliance,Regulation and Compliance,Ancillary Services,AO AME Engineering Systems & Support,Pu5DR2x6C1SasBULr8,GROUP,WRITER,ao-ameengsystemssupport@snowyhydro.com.au,Pi6VQAw4szhUcyHGpy,GROUP,WRITER,ao-ameengsystemssupport@snowyhydro.com.au,True
Market Regulation & ComplianceRegulation and ComplianceAncillary ServicesAO AME Asset Technology,Market Regulation & Compliance,Regulation and Compliance,Ancillary Services,AO AME Asset Technology,Pu5DR2x6C1SasBULr8,GROUP,WRITER,ao-ameassettechnology@snowyhydro.com.au,Pi6VQAw4szhUcyHGpy,GROUP,WRITER,ao-ameassettechnology@snowyhydro.com.au,True
Market Regulation & ComplianceRegulation and ComplianceAncillary ServicesAO Corporate Law,Market Regulation & Compliance,Regulation and Compliance,Ancillary Services,AO Corporate Law,Pu5DR2x6C1SasBULr8,GROUP,WRITER,ao-corporatelaw@snowyhydro.com.au,Pi6VQAw4szhUcyHGpy,GROUP,WRITER,ao-corporatelaw@snowyhydro.com.au,True
Market Regulation & ComplianceRegulation and ComplianceAncillary ServicesAO Generation Operations,Market Regulation & Compliance,Regulation and Compliance,Ancillary Services,AO Generation Operations,Pu5DR2x6C1SasBULr8,GROUP,WRITER,ao-genop@snowyhydro.com.au,Pi6VQAw4szhUcyHGpy,GROUP,WRITER,ao-genop@snowyhydro.com.au,True
Market Regulation & ComplianceRegulation and ComplianceAncillary ServicesAO AME Engineering,Market Regulation & Compliance,Regulation and Compliance,Ancillary Services,AO AME Engineering,Pu5DR2x6C1SasBULr8,GROUP,WRITER,ao-ameengineering@snowyhydro.com.au,Pi6VQAw4szhUcyHGpy,GROUP,WRITER,ao-ameengineering@snowyhydro.com.au,True
Market Regulation & ComplianceRegulation and Compliance NER 5.3.9Readers,Market Regulation & Compliance,Regulation and Compliance, NER 5.3.9,Readers,Pu5DR2x6C1SasBULr8,ROLE,READER,READERS,,,,,False
Market Regulation & ComplianceRegulation and Compliance NER 5.3.9AO AME Engineering Systems & Support,Market Regulation & Compliance,Regulation and Compliance, NER 5.3.9,AO AME Engineering Systems & Support,Pu5DR2x6C1SasBULr8,GROUP,WRITER,ao-ameengsystemssupport@snowyhydro.com.au,,,,,False
Market Regulation & ComplianceRegulation and Compliance NER 5.3.9AO AME Asset Technology,Market Regulation & Compliance,Regulation and Compliance, NER 5.3.9,AO AME Asset Technology,Pu5DR2x6C1SasBULr8,GROUP,WRITER,ao-ameassettechnology@snowyhydro.com.au,,,,,False
Market Regulation & ComplianceRegulation and Compliance NER 5.3.9Brian Williams,Market Regulation & Compliance,Regulation and Compliance, NER 5.3.9,Brian Williams,Pu5DR2x6C1SasBULr8,USER,WRITER,brian.williams@snowyhydro.com.au,,,,,False
Market Regulation & ComplianceRegulation and Compliance NER 5.3.9AO AME Engineering,Market Regulation & Compliance,Regulation and Compliance, NER 5.3.9,AO AME Engineering,Pu5DR2x6C1SasBULr8,GROUP,WRITER,ao-ameengineering@snowyhydro.com.au,,,,,False
Market Regulation & ComplianceRegulation and ComplianceRevenue MeteringReaders,Market Regulation & Compliance,Regulation and Compliance,Revenue Metering,Readers,Pu5DR2x6C1SasBULr8,ROLE,READER,READERS,Pi6VQAw4szhUcyHGpy,ROLE,READER,READERS,True
Market Regulation & ComplianceRegulation and ComplianceRevenue MeteringAO AME Engineering Systems & Support,Market Regulation & Compliance,Regulation and Compliance,Revenue Metering,AO AME Engineering Systems & Support,Pu5DR2x6C1SasBULr8,GROUP,WRITER,ao-ameengsystemssupport@snowyhydro.com.au,Pi6VQAw4szhUcyHGpy,GROUP,WRITER,ao-ameengsystemssupport@snowyhydro.com.au,True
Market Regulation & ComplianceRegulation and ComplianceRevenue MeteringAO Corporate Law,Market Regulation & Compliance,Regulation and Compliance,Revenue Metering,AO Corporate Law,Pu5DR2x6C1SasBULr8,GROUP,WRITER,ao-corporatelaw@snowyhydro.com.au,Pi6VQAw4szhUcyHGpy,GROUP,WRITER,ao-corporatelaw@snowyhydro.com.au,True
Strategic Asset SpecificationStrategic Asset SpecificationIdle,Strategic Asset Specification,Strategic Asset Specification,Idle,,Pu5DR2x6C1SasBULr8,NOTVISIBLE,NOPERMISSION,,,,,,False
Strategic Asset SpecificationStrategic Asset SpecificationMaintenance Instruction,Strategic Asset Specification,Strategic Asset Specification,Maintenance Instruction,,Pu5DR2x6C1SasBULr8,NOTVISIBLE,NOPERMISSION,,,,,,False
TechnicalTechnicalIdleReaders,Technical,Technical,Idle,Readers,PtwsrnX2Sis0TpQPnB,ROLE,READER,READERS,,,,,False
TechnicalTechnicalIdleAO Technical,Technical,Technical,Idle,AO Technical,PtwsrnX2Sis0TpQPnB,GROUP,WRITER,ao-technical@snowyhydro.com.au,Pi6VQAw4szhUcyHGpy,GROUP,WRITER,ao-technical@snowyhydro.com.au,True
TechnicalTechnicalConfidentialAO Operations Senior Mgrs,Technical,Technical,Confidential,AO Operations Senior Mgrs,PtwsrnX2Sis0TpQPnB,GROUP,WRITER,ao-opseniormgrs@snowyhydro.com.au,Pi6VQAw4szhUcyHGpy,GROUP,WRITER,ao-opseniormgrs@snowyhydro.com.au,True
TechnicalTechnicalProtectionReaders,Technical,Technical,Protection,Readers,PtwsrnX2Sis0TpQPnB,ROLE,READER,READERS,,,,,False
TechnicalTechnicalProtectionAO AME Asset Technology,Technical,Technical,Protection,AO AME Asset Technology,PtwsrnX2Sis0TpQPnB,GROUP,WRITER,ao-ameassettechnology@snowyhydro.com.au,Pi6VQAw4szhUcyHGpy,GROUP,WRITER,ao-ameassettechnology@snowyhydro.com.au,True
TechnicalTechnicalCompetency DevelopmentReaders,Technical,Technical,Competency Development,Readers,PtwsrnX2Sis0TpQPnB,ROLE,READER,READERS,,,,,False
TechnicalTechnicalCompetency DevelopmentAO Competency,Technical,Technical,Competency Development,AO Competency,PtwsrnX2Sis0TpQPnB,GROUP,WRITER,aocompetency@snowyhydro.com.au,,,,,False
TechnicalTechnicalCompetency - Assessment AnswersAdam Robinson,Technical,Technical,Competency - Assessment Answers,Adam Robinson,PtwsrnX2Sis0TpQPnB,USER,READER,adam.robinson@snowyhydro.com.au,,,,,False
TechnicalTechnicalCompetency - Assessment AnswersAO Production Leaders,Technical,Technical,Competency - Assessment Answers,AO Production Leaders,PtwsrnX2Sis0TpQPnB,GROUP,READER,ao-prodleaders@snowyhydro.com.au,,,,,False
TechnicalTechnicalCompetency - Assessment AnswersAO Production TL,Technical,Technical,Competency - Assessment Answers,AO Production TL,PtwsrnX2Sis0TpQPnB,GROUP,READER,ao-productiontl@snowyhydro.com.au,,,,,False
TechnicalTechnicalCompetency - Assessment AnswersAO Production Mgrs,Technical,Technical,Competency - Assessment Answers,AO Production Mgrs,PtwsrnX2Sis0TpQPnB,GROUP,READER,ao-prodmgrs@snowyhydro.com.au,,,,,False
TechnicalTechnicalCompetency - Assessment AnswersAO Competency,Technical,Technical,Competency - Assessment Answers,AO Competency,PtwsrnX2Sis0TpQPnB,GROUP,WRITER,aocompetency@snowyhydro.com.au,,,,,False
TechnicalTechnicalCompetency - Assessment FilesReaders,Technical,Technical,Competency - Assessment Files,Readers,PtwsrnX2Sis0TpQPnB,ROLE,READER,READERS,,,,,False
TechnicalTechnicalCompetency - Assessment FilesAO Competency,Technical,Technical,Competency - Assessment Files,AO Competency,PtwsrnX2Sis0TpQPnB,GROUP,WRITER,aocompetency@snowyhydro.com.au,,,,,False
TechnicalTechnicalCompetency - Undertaking AssessmentAO All Snowy Hydro,Technical,Technical,Competency - Undertaking Assessment,AO All Snowy Hydro,PtwsrnX2Sis0TpQPnB,GROUP,READER,ao-allsnowyhydro@snowyhydro.com.au,,,,,False
TechnicalTechnicalCompetency - Undertaking AssessmentCompetencies Assessee,Technical,Technical,Competency - Undertaking Assessment,Competencies Assessee,PtwsrnX2Sis0TpQPnB,ROLE,WRITER,Qxua48x0OMfphxOLDV,,,,,False
TechnicalTechnicalCompetency - Theory Submitted for Marking,Technical,Technical,Competency - Theory Submitted for Marking,,PtwsrnX2Sis0TpQPnB,NOTVISIBLE,NOPERMISSION,,,,,,False
TechnicalTechnical[Theory Passed],Technical,Technical,[Theory Passed],,PtwsrnX2Sis0TpQPnB,NOTVISIBLE,NOPERMISSION,,,,,,False
TechnicalTechnical[Theory Failed],Technical,Technical,[Theory Failed],,PtwsrnX2Sis0TpQPnB,NOTVISIBLE,NOPERMISSION,,,,,,False
TechnicalTechnicalCompetency - Awaiting Practical Assessment,Technical,Technical,Competency - Awaiting Practical Assessment,,PtwsrnX2Sis0TpQPnB,NOTVISIBLE,NOPERMISSION,,,,,,False
TechnicalTechnicalCompetency - Completed Assessment,Technical,Technical,Competency - Completed Assessment,,PtwsrnX2Sis0TpQPnB,NOTVISIBLE,NOPERMISSION,,,,,,False
TechnicalTechnicalApprentice DevelopmentReaders,Technical,Technical,Apprentice Development,Readers,PtwsrnX2Sis0TpQPnB,ROLE,READER,READERS,,,,,False
TechnicalTechnicalApprentice DevelopmentAO Apprentice Mgt,Technical,Technical,Apprentice Development,AO Apprentice Mgt,PtwsrnX2Sis0TpQPnB,GROUP,WRITER,ao-apprenticemgt@snowyhydro.com.au,,,,,False
TechnicalTechnicalUNAUTHORISED - HV Test ProcedureReaders,Technical,Technical,UNAUTHORISED - HV Test Procedure,Readers,PtwsrnX2Sis0TpQPnB,ROLE,READER,READERS,,,,,False
TechnicalTechnicalUNAUTHORISED - HV Test ProcedureAO HV Test Officers,Technical,Technical,UNAUTHORISED - HV Test Procedure,AO HV Test Officers,PtwsrnX2Sis0TpQPnB,GROUP,WRITER,ao-hvtestoff@snowyhydro.com.au,Pi6VQAw4szhUcyHGpy,GROUP,WRITER,ao-hvtestoff@snowyhydro.com.au,True
TechnicalTechnicalUNAUTHORISED - HV Test ProcedureAO HV Technical Specialists,Technical,Technical,UNAUTHORISED - HV Test Procedure,AO HV Technical Specialists,PtwsrnX2Sis0TpQPnB,GROUP,WRITER,ao-hvtechspecialists@snowyhydro.com.au,Pi6VQAw4szhUcyHGpy,GROUP,WRITER,ao-hvtechspecialists@snowyhydro.com.au,True
TechnicalTechnicalUNAUTHORISED - HV Test ProcedureAO HV Test Engineers,Technical,Technical,UNAUTHORISED - HV Test Procedure,AO HV Test Engineers,PtwsrnX2Sis0TpQPnB,GROUP,WRITER,ao-hvtestengineers@snowyhydro.com.au,Pi6VQAw4szhUcyHGpy,GROUP,WRITER,ao-hvtestengineers@snowyhydro.com.au,True
TechnicalTechnicalUNAUTHORISED - HV Test ProcedureHV Testing Group,Technical,Technical,UNAUTHORISED - HV Test Procedure,HV Testing Group,PtwsrnX2Sis0TpQPnB,ROLE,WRITER,QVWaOz2z5egpNVpiWe,Pi6VQAw4szhUcyHGpy,ROLE,WRITER,SEqM3y469hSUjSuE7m,False
TechnicalTechnicalUNAUTHORISED - Pending ReviewAO HV Test Officers,Technical,Technical,UNAUTHORISED - Pending Review,AO HV Test Officers,PtwsrnX2Sis0TpQPnB,GROUP,WRITER,ao-hvtestoff@snowyhydro.com.au,Pi6VQAw4szhUcyHGpy,GROUP,WRITER,ao-hvtestoff@snowyhydro.com.au,True
TechnicalTechnicalUNAUTHORISED - Pending ReviewAO HV Technical Specialists,Technical,Technical,UNAUTHORISED - Pending Review,AO HV Technical Specialists,PtwsrnX2Sis0TpQPnB,GROUP,WRITER,ao-hvtechspecialists@snowyhydro.com.au,Pi6VQAw4szhUcyHGpy,GROUP,WRITER,ao-hvtechspecialists@snowyhydro.com.au,True
TechnicalTechnicalUNAUTHORISED - Pending ReviewAO HV Test Engineers,Technical,Technical,UNAUTHORISED - Pending Review,AO HV Test Engineers,PtwsrnX2Sis0TpQPnB,GROUP,WRITER,ao-hvtestengineers@snowyhydro.com.au,Pi6VQAw4szhUcyHGpy,GROUP,WRITER,ao-hvtestengineers@snowyhydro.com.au,True
TechnicalTechnicalUNAUTHORISED - Pending Technical Specialist ReviewAO HV Test Officers,Technical,Technical,UNAUTHORISED - Pending Technical Specialist Review,AO HV Test Officers,PtwsrnX2Sis0TpQPnB,GROUP,READER,ao-hvtestoff@snowyhydro.com.au,Pi6VQAw4szhUcyHGpy,GROUP,READER,ao-hvtestoff@snowyhydro.com.au,True
TechnicalTechnicalUNAUTHORISED - Pending Technical Specialist ReviewAO HV Technical Specialists,Technical,Technical,UNAUTHORISED - Pending Technical Specialist Review,AO HV Technical Specialists,PtwsrnX2Sis0TpQPnB,GROUP,READER,ao-hvtechspecialists@snowyhydro.com.au,Pi6VQAw4szhUcyHGpy,GROUP,READER,ao-hvtechspecialists@snowyhydro.com.au,True
TechnicalTechnicalUNAUTHORISED - Pending Technical Specialist ReviewAO HV Test Engineers,Technical,Technical,UNAUTHORISED - Pending Technical Specialist Review,AO HV Test Engineers,PtwsrnX2Sis0TpQPnB,GROUP,READER,ao-hvtestengineers@snowyhydro.com.au,Pi6VQAw4szhUcyHGpy,GROUP,READER,ao-hvtestengineers@snowyhydro.com.au,True
TechnicalTechnicalUNAUTHORISED - Pending Technical Specialist ReviewHV Technical Specialist,Technical,Technical,UNAUTHORISED - Pending Technical Specialist Review,HV Technical Specialist,PtwsrnX2Sis0TpQPnB,ROLE,WRITER,QpM25xW000000pVo7u,Pi6VQAw4szhUcyHGpy,ROLE,WRITER,SEqLinl0cOQRUtSRNU,False
TechnicalTechnicalUNAUTHORISED - Pending Technical Specialist Review (Extended)AO HV Test Officers,Technical,Technical,UNAUTHORISED - Pending Technical Specialist Review (Extended),AO HV Test Officers,PtwsrnX2Sis0TpQPnB,GROUP,READER,ao-hvtestoff@snowyhydro.com.au,Pi6VQAw4szhUcyHGpy,GROUP,READER,ao-hvtestoff@snowyhydro.com.au,True
TechnicalTechnicalUNAUTHORISED - Pending Technical Specialist Review (Extended)AO HV Test Engineers,Technical,Technical,UNAUTHORISED - Pending Technical Specialist Review (Extended),AO HV Test Engineers,PtwsrnX2Sis0TpQPnB,GROUP,READER,ao-hvtestengineers@snowyhydro.com.au,Pi6VQAw4szhUcyHGpy,GROUP,READER,ao-hvtestengineers@snowyhydro.com.au,True
TechnicalTechnicalUNAUTHORISED - Pending Technical Specialist Review (Extended)AO HV Technical Specialists,Technical,Technical,UNAUTHORISED - Pending Technical Specialist Review (Extended),AO HV Technical Specialists,PtwsrnX2Sis0TpQPnB,GROUP,WRITER,ao-hvtechspecialists@snowyhydro.com.au,Pi6VQAw4szhUcyHGpy,GROUP,WRITER,ao-hvtechspecialists@snowyhydro.com.au,True
TechnicalTechnicalUNAUTHORISED - Pending HV Test Engineer ApprovalAO HV Test Officers,Technical,Technical,UNAUTHORISED - Pending HV Test Engineer Approval,AO HV Test Officers,PtwsrnX2Sis0TpQPnB,GROUP,READER,ao-hvtestoff@snowyhydro.com.au,Pi6VQAw4szhUcyHGpy,GROUP,READER,ao-hvtestoff@snowyhydro.com.au,True
TechnicalTechnicalUNAUTHORISED - Pending HV Test Engineer ApprovalAO HV Technical Specialists,Technical,Technical,UNAUTHORISED - Pending HV Test Engineer Approval,AO HV Technical Specialists,PtwsrnX2Sis0TpQPnB,GROUP,READER,ao-hvtechspecialists@snowyhydro.com.au,Pi6VQAw4szhUcyHGpy,GROUP,READER,ao-hvtechspecialists@snowyhydro.com.au,True
TechnicalTechnicalUNAUTHORISED - Pending HV Test Engineer ApprovalAO HV Test Engineers,Technical,Technical,UNAUTHORISED - Pending HV Test Engineer Approval,AO HV Test Engineers,PtwsrnX2Sis0TpQPnB,GROUP,READER,ao-hvtestengineers@snowyhydro.com.au,Pi6VQAw4szhUcyHGpy,GROUP,READER,ao-hvtestengineers@snowyhydro.com.au,True
TechnicalTechnicalUNAUTHORISED - Pending HV Test Engineer ApprovalHV Test Engineer,Technical,Technical,UNAUTHORISED - Pending HV Test Engineer Approval,HV Test Engineer,PtwsrnX2Sis0TpQPnB,ROLE,WRITER,QpM29sF000000xlmMK,Pi6VQAw4szhUcyHGpy,ROLE,WRITER,SEqLrub4h1y6ele2xZ,False
TechnicalTechnicalUNAUTHORISED - Pending HV Test Engineer Approval (Extended)AO HV Test Officers,Technical,Technical,UNAUTHORISED - Pending HV Test Engineer Approval (Extended),AO HV Test Officers,PtwsrnX2Sis0TpQPnB,GROUP,READER,ao-hvtestoff@snowyhydro.com.au,Pi6VQAw4szhUcyHGpy,GROUP,READER,ao-hvtestoff@snowyhydro.com.au,True
TechnicalTechnicalUNAUTHORISED - Pending HV Test Engineer Approval (Extended)AO HV Technical Specialists,Technical,Technical,UNAUTHORISED - Pending HV Test Engineer Approval (Extended),AO HV Technical Specialists,PtwsrnX2Sis0TpQPnB,GROUP,READER,ao-hvtechspecialists@snowyhydro.com.au,Pi6VQAw4szhUcyHGpy,GROUP,READER,ao-hvtechspecialists@snowyhydro.com.au,True
TechnicalTechnicalUNAUTHORISED - Pending HV Test Engineer Approval (Extended)AO HV Test Engineers,Technical,Technical,UNAUTHORISED - Pending HV Test Engineer Approval (Extended),AO HV Test Engineers,PtwsrnX2Sis0TpQPnB,GROUP,WRITER,ao-hvtestengineers@snowyhydro.com.au,Pi6VQAw4szhUcyHGpy,GROUP,WRITER,ao-hvtestengineers@snowyhydro.com.au,True
TechnicalTechnicalAuthorisedAO HV Test Officers,Technical,Technical,Authorised,AO HV Test Officers,PtwsrnX2Sis0TpQPnB,GROUP,READER,ao-hvtestoff@snowyhydro.com.au,Pi6VQAw4szhUcyHGpy,GROUP,READER,ao-hvtestoff@snowyhydro.com.au,True
TechnicalTechnicalAuthorisedAO HV Technical Specialists,Technical,Technical,Authorised,AO HV Technical Specialists,PtwsrnX2Sis0TpQPnB,GROUP,READER,ao-hvtechspecialists@snowyhydro.com.au,Pi6VQAw4szhUcyHGpy,GROUP,READER,ao-hvtechspecialists@snowyhydro.com.au,True
TechnicalTechnicalAuthorisedAO HV Test Engineers,Technical,Technical,Authorised,AO HV Test Engineers,PtwsrnX2Sis0TpQPnB,GROUP,READER,ao-hvtestengineers@snowyhydro.com.au,Pi6VQAw4szhUcyHGpy,GROUP,READER,ao-hvtestengineers@snowyhydro.com.au,True
TechnicalTechnicalAuthorisedReaders,Technical,Technical,Authorised,Readers,PtwsrnX2Sis0TpQPnB,ROLE,READER,READERS,,,,,False
TechnicalTechnicalAuthorised - OLD not in useAO HV Test Officers,Technical,Technical,Authorised - OLD not in use,AO HV Test Officers,PtwsrnX2Sis0TpQPnB,GROUP,READER,ao-hvtestoff@snowyhydro.com.au,Pi6VQAw4szhUcyHGpy,GROUP,READER,ao-hvtestoff@snowyhydro.com.au,True
TechnicalTechnicalAuthorised - OLD not in useAO HV Technical Specialists,Technical,Technical,Authorised - OLD not in use,AO HV Technical Specialists,PtwsrnX2Sis0TpQPnB,GROUP,READER,ao-hvtechspecialists@snowyhydro.com.au,Pi6VQAw4szhUcyHGpy,GROUP,READER,ao-hvtechspecialists@snowyhydro.com.au,True
TechnicalTechnicalAuthorised - OLD not in useAO HV Test Engineers,Technical,Technical,Authorised - OLD not in use,AO HV Test Engineers,PtwsrnX2Sis0TpQPnB,GROUP,READER,ao-hvtestengineers@snowyhydro.com.au,Pi6VQAw4szhUcyHGpy,GROUP,READER,ao-hvtestengineers@snowyhydro.com.au,True
TechnicalTechnicalAuthorised - OLD not in useReaders,Technical,Technical,Authorised - OLD not in use,Readers,PtwsrnX2Sis0TpQPnB,ROLE,READER,READERS,,,,,False
TechnicalTechnicalCreating Test Procedure - OLD not in use,Technical,Technical,Creating Test Procedure - OLD not in use,,PtwsrnX2Sis0TpQPnB,NOTVISIBLE,NOPERMISSION,,,,,,False
TechnicalTechnicalTechnical Specialist Revision - OLD not in useAO HV Test Officers,Technical,Technical,Technical Specialist Revision - OLD not in use,AO HV Test Officers,PtwsrnX2Sis0TpQPnB,GROUP,READER,ao-hvtestoff@snowyhydro.com.au,,,,,False
TechnicalTechnicalTechnical Specialist Revision - OLD not in useAO HV Technical Specialists,Technical,Technical,Technical Specialist Revision - OLD not in use,AO HV Technical Specialists,PtwsrnX2Sis0TpQPnB,GROUP,READER,ao-hvtechspecialists@snowyhydro.com.au,,,,,False
TechnicalTechnicalTechnical Specialist Revision - OLD not in useAO HV Test Engineers,Technical,Technical,Technical Specialist Revision - OLD not in use,AO HV Test Engineers,PtwsrnX2Sis0TpQPnB,GROUP,READER,ao-hvtestengineers@snowyhydro.com.au,,,,,False
TechnicalTechnicalTechnical Specialist Revision - OLD not in useKapila Nanayakkara,Technical,Technical,Technical Specialist Revision - OLD not in use,Kapila Nanayakkara,PtwsrnX2Sis0TpQPnB,USER,WRITER,kapila.nanayakkara@snowyhydro.com.au,,,,,False
